{
  "meta": {
    "backend": "trio",
    "python": "3.12.11",
    "platform": "Linux-6.11.0-1018-azure-x86_64-with-glibc2.39",
    "anyio": "unknown",
    "timestamp": "2025-09-02T02:48:09.204525+00:00"
  },
  "results": {
    "gather_100_yield": {
      "name": "gather_100_yield",
      "runs": 5,
      "min": 0.0012390790000154084,
      "mean": 0.001508027000011225,
      "median": 0.0012727630000313184,
      "max": 0.0024735910000117656
    },
    "bounded_map_2000_limit_100": {
      "name": "bounded_map_2000_limit_100",
      "runs": 5,
      "min": 0.04569154500001105,
      "mean": 0.06517273260001274,
      "median": 0.0500469790000011,
      "max": 0.09429064400001153
    },
    "completion_stream_1000_limit_100": {
      "name": "completion_stream_1000_limit_100",
      "runs": 5,
      "min": 0.031027984999980163,
      "mean": 0.03808919139999034,
      "median": 0.031276159000015014,
      "max": 0.06401385499998469
    },
    "race_first_completion_10": {
      "name": "race_first_completion_10",
      "runs": 5,
      "min": 0.0006369529999687984,
      "mean": 0.0007073419999983344,
      "median": 0.0006634220000023561,
      "max": 0.0008882120000066607
    },
    "cancel_propagation_500": {
      "name": "cancel_propagation_500",
      "runs": 5,
      "min": 0.02092332899997018,
      "mean": 0.030801348799991503,
      "median": 0.02108222599997589,
      "max": 0.06628998600001523
    },
    "taskgroup_start_1000_noop": {
      "name": "taskgroup_start_1000_noop",
      "runs": 5,
      "min": 0.011544291000006979,
      "mean": 0.01906002879999278,
      "median": 0.011803466000003482,
      "max": 0.04824667899998758
    }
  }
}
