{
  "meta": {
    "backend": "trio",
    "python": "3.10.18",
    "platform": "Linux-6.11.0-1018-azure-x86_64-with-glibc2.39",
    "anyio": "unknown",
    "timestamp": "2025-09-02T13:36:12.244949+00:00"
  },
  "results": {
    "gather_100_yield": {
      "name": "gather_100_yield",
      "runs": 100,
      "min": 0.0014117040000201087,
      "mean": 0.0014656342899996844,
      "median": 0.0014346675000069808,
      "max": 0.002635558999998011
    },
    "bounded_map_2000_limit_100": {
      "name": "bounded_map_2000_limit_100",
      "runs": 100,
      "min": 0.052032400000001644,
      "mean": 0.10031968010999832,
      "median": 0.1200106145000035,
      "max": 0.14297211099997753
    },
    "completion_stream_1000_limit_100": {
      "name": "completion_stream_1000_limit_100",
      "runs": 100,
      "min": 0.035846581000015476,
      "mean": 0.05587740749000119,
      "median": 0.036930268499986596,
      "max": 0.11426646800001095
    },
    "race_first_completion_10": {
      "name": "race_first_completion_10",
      "runs": 100,
      "min": 0.0007386779999762894,
      "mean": 0.0007710282699966342,
      "median": 0.0007622674999936407,
      "max": 0.0009878740000033304
    },
    "cancel_propagation_500": {
      "name": "cancel_propagation_500",
      "runs": 100,
      "min": 0.02046249400001443,
      "mean": 0.0379207331500001,
      "median": 0.027372422999988544,
      "max": 0.10746313000001351
    },
    "taskgroup_start_1000_noop": {
      "name": "taskgroup_start_1000_noop",
      "runs": 100,
      "min": 0.013291812999995045,
      "mean": 0.026810758450000947,
      "median": 0.013807971500000349,
      "max": 0.09094968200000153
    }
  }
}