{
  "meta": {
    "backend": "asyncio",
    "python": "3.10.18",
    "platform": "Linux-6.11.0-1018-azure-x86_64-with-glibc2.39",
    "anyio": "unknown",
    "timestamp": "2025-09-02T13:35:48.146812+00:00"
  },
  "results": {
    "gather_100_yield": {
      "name": "gather_100_yield",
      "runs": 100,
      "min": 0.0013307739999959267,
      "mean": 0.002037186759999088,
      "median": 0.001366159999989236,
      "max": 0.06699832600000377
    },
    "bounded_map_2000_limit_100": {
      "name": "bounded_map_2000_limit_100",
      "runs": 100,
      "min": 0.051471915000007584,
      "mean": 0.11217115943999971,
      "median": 0.13023979999999824,
      "max": 0.15564669899998762
    },
    "completion_stream_1000_limit_100": {
      "name": "completion_stream_1000_limit_100",
      "runs": 100,
      "min": 0.0329682240000011,
      "mean": 0.059458141469999365,
      "median": 0.03493375699999035,
      "max": 0.12365313499998365
    },
    "race_first_completion_10": {
      "name": "race_first_completion_10",
      "runs": 100,
      "min": 0.00037635299997873517,
      "mean": 0.0003924061999981632,
      "median": 0.0003883794999950396,
      "max": 0.0005232460000001993
    },
    "cancel_propagation_500": {
      "name": "cancel_propagation_500",
      "runs": 100,
      "min": 0.01751969400001485,
      "mean": 0.02870361817999765,
      "median": 0.0186188854999898,
      "max": 0.10571556099998247
    },
    "taskgroup_start_1000_noop": {
      "name": "taskgroup_start_1000_noop",
      "runs": 100,
      "min": 0.012939626999980192,
      "mean": 0.030543536530002482,
      "median": 0.013727217000010228,
      "max": 0.09765000000001578
    }
  }
}