{
  "meta": {
    "backend": "asyncio",
    "python": "3.12.11",
    "platform": "Linux-6.11.0-1018-azure-x86_64-with-glibc2.39",
    "anyio": "unknown",
    "timestamp": "2025-09-02T02:48:07.184659+00:00"
  },
  "results": {
    "gather_100_yield": {
      "name": "gather_100_yield",
      "runs": 5,
      "min": 0.0011268790000258377,
      "mean": 0.008618205400000533,
      "median": 0.001247014999989915,
      "max": 0.03811051299999235
    },
    "bounded_map_2000_limit_100": {
      "name": "bounded_map_2000_limit_100",
      "runs": 5,
      "min": 0.044484436000004735,
      "mean": 0.06398151660000621,
      "median": 0.04854826299998649,
      "max": 0.09059111800002029
    },
    "completion_stream_1000_limit_100": {
      "name": "completion_stream_1000_limit_100",
      "runs": 5,
      "min": 0.026274336000028597,
      "mean": 0.04160945199998878,
      "median": 0.026979726999968534,
      "max": 0.06468448099997204
    },
    "race_first_completion_10": {
      "name": "race_first_completion_10",
      "runs": 5,
      "min": 0.00035904200001368736,
      "mean": 0.0004196396000224922,
      "median": 0.0003953910000404903,
      "max": 0.0005636250000407017
    },
    "cancel_propagation_500": {
      "name": "cancel_propagation_500",
      "runs": 5,
      "min": 0.01695379799997454,
      "mean": 0.017287037999994936,
      "median": 0.017319804000010208,
      "max": 0.017576464000001124
    },
    "taskgroup_start_1000_noop": {
      "name": "taskgroup_start_1000_noop",
      "runs": 5,
      "min": 0.010691203999954269,
      "mean": 0.018362078200004815,
      "median": 0.011190118999991228,
      "max": 0.04751373600004172
    }
  }
}