{
  "meta": {
    "python": "3.12.11",
    "platform": "Linux-6.11.0-1018-azure-x86_64-with-glibc2.39",
    "anyio": "unknown",
    "timestamp": "2025-09-02T02:48:22.714946+00:00"
  },
  "results": {
    "fuzzy_json_valid_1000": {
      "name": "fuzzy_json_valid_1000",
      "runs": 5,
      "min": 0.0029692919999888545,
      "mean": 0.002984955399995215,
      "median": 0.002975063000008049,
      "max": 0.003028292000010424
    },
    "fuzzy_json_dirty_single_quotes_500": {
      "name": "fuzzy_json_dirty_single_quotes_500",
      "runs": 5,
      "min": 0.0044576450000022305,
      "mean": 0.004552801399995587,
      "median": 0.004470850000018345,
      "max": 0.004874454999992395
    },
    "extract_json_direct_1000": {
      "name": "extract_json_direct_1000",
      "runs": 5,
      "min": 0.0008140329999832829,
      "mean": 0.0008230993999859493,
      "median": 0.0008203439999761031,
      "max": 0.0008373860000006061
    },
    "extract_json_markdown_blocks_200": {
      "name": "extract_json_markdown_blocks_200",
      "runs": 5,
      "min": 0.003926673000023584,
      "mean": 0.004009279000013066,
      "median": 0.004026358999965396,
      "max": 0.004038351000019702
    },
    "fuzzy_match_keys_2000": {
      "name": "fuzzy_match_keys_2000",
      "runs": 5,
      "min": 0.341806006000013,
      "mean": 0.34391130260000863,
      "median": 0.3440457639999863,
      "max": 0.3466957290000323
    },
    "string_similarity_bulk_2000": {
      "name": "string_similarity_bulk_2000",
      "runs": 5,
      "min": 0.17029356799997686,
      "mean": 0.17104545599997892,
      "median": 0.17124921599997833,
      "max": 0.17151174599996466
    },
    "ref_std_json_valid_1000": {
      "name": "ref_std_json_valid_1000",
      "runs": 5,
      "min": 0.007214079999982914,
      "mean": 0.007256835799989858,
      "median": 0.007239827999967474,
      "max": 0.0073246860000040215
    },
    "ref_orjson_valid_1000": {
      "name": "ref_orjson_valid_1000",
      "runs": 5,
      "min": 0.001304038999990098,
      "mean": 0.0013136607999854276,
      "median": 0.001310139999986859,
      "max": 0.0013381119999849034
    }
  }
}