{
  "meta": {
    "python": "3.10.18",
    "platform": "Linux-6.11.0-1018-azure-x86_64-with-glibc2.39",
    "anyio": "unknown",
    "timestamp": "2025-09-02T13:36:36.355579+00:00"
  },
  "results": {
    "fuzzy_json_valid_1000": {
      "name": "fuzzy_json_valid_1000",
      "runs": 10,
      "min": 0.0027464740000198162,
      "mean": 0.0027687305000000605,
      "median": 0.0027608015000026853,
      "max": 0.002856620000017074
    },
    "fuzzy_json_dirty_single_quotes_500": {
      "name": "fuzzy_json_dirty_single_quotes_500",
      "runs": 10,
      "min": 0.0052496760000053655,
      "mean": 0.005336624200006667,
      "median": 0.005300931500002548,
      "max": 0.005598335999991377
    },
    "extract_json_direct_1000": {
      "name": "extract_json_direct_1000",
      "runs": 10,
      "min": 0.0007120979999797328,
      "mean": 0.0007235028999957649,
      "median": 0.0007229384999902777,
      "max": 0.0007527449999997771
    },
    "extract_json_markdown_blocks_200": {
      "name": "extract_json_markdown_blocks_200",
      "runs": 10,
      "min": 0.0032754620000048362,
      "mean": 0.0032953269999950407,
      "median": 0.003279153999997675,
      "max": 0.003359698999986449
    },
    "fuzzy_match_keys_2000": {
      "name": "fuzzy_match_keys_2000",
      "runs": 10,
      "min": 0.3180015540000056,
      "mean": 0.32003289620000147,
      "median": 0.31981371050000007,
      "max": 0.32366155500000104
    },
    "string_similarity_bulk_2000": {
      "name": "string_similarity_bulk_2000",
      "runs": 10,
      "min": 0.15625453399999856,
      "mean": 0.1588215744999985,
      "median": 0.15791424849999203,
      "max": 0.16330740000000787
    },
    "ref_std_json_valid_1000": {
      "name": "ref_std_json_valid_1000",
      "runs": 10,
      "min": 0.006303881999997429,
      "mean": 0.006335769899999377,
      "median": 0.006317558000006329,
      "max": 0.0064248369999972965
    },
    "ref_orjson_valid_1000": {
      "name": "ref_orjson_valid_1000",
      "runs": 10,
      "min": 0.0012476400000025478,
      "mean": 0.0012560897000042815,
      "median": 0.0012546530000179246,
      "max": 0.0012660250000067208
    }
  }
}