{
  "meta": {
    "backend": "asyncio",
    "python": "3.10.18",
    "platform": "Linux-6.11.0-1018-azure-x86_64-with-glibc2.39",
    "anyio": "unknown",
    "timestamp": "2025-09-02T13:36:20.408039+00:00"
  },
  "results": {
    "alcall_async_noop_1000_conc_100": {
      "name": "alcall_async_noop_1000_conc_100",
      "runs": 10,
      "min": 0.027339697999991586,
      "mean": 0.04231285889999583,
      "median": 0.028904450999988285,
      "max": 0.09554383200000416
    },
    "alcall_sync_noop_1000_conc_64": {
      "name": "alcall_sync_noop_1000_conc_64",
      "runs": 10,
      "min": 0.1231813789999876,
      "mean": 0.14566904129999897,
      "median": 0.12549639949999403,
      "max": 0.2023504040000148
    },
    "bcall_async_noop_1000_batch_50": {
      "name": "bcall_async_noop_1000_batch_50",
      "runs": 10,
      "min": 0.03463674900001479,
      "mean": 0.041982428599999365,
      "median": 0.0348497119999962,
      "max": 0.10610733600000799
    },
    "to_list_flatten_nested_10000": {
      "name": "to_list_flatten_nested_10000",
      "runs": 10,
      "min": 0.03234598599999572,
      "mean": 0.03946182770000632,
      "median": 0.03328560400001379,
      "max": 0.09648447600000054
    },
    "to_list_flatten_unique_2000_mixed": {
      "name": "to_list_flatten_unique_2000_mixed",
      "runs": 10,
      "min": 0.006223709000011013,
      "mean": 0.006309181899999317,
      "median": 0.006298704499997143,
      "max": 0.006478685000018913
    },
    "hash_dict_complex_1000": {
      "name": "hash_dict_complex_1000",
      "runs": 10,
      "min": 0.320240278,
      "mean": 0.3215539886000016,
      "median": 0.32136970400000564,
      "max": 0.3242211730000122
    },
    "json_dumps_medium_1000": {
      "name": "json_dumps_medium_1000",
      "runs": 10,
      "min": 0.053597306000000344,
      "mean": 0.053890407500000494,
      "median": 0.05394290499999954,
      "max": 0.0542278519999968
    }
  }
}