{
  "meta": {
    "backend": "asyncio",
    "python": "3.12.11",
    "platform": "Linux-6.11.0-1018-azure-x86_64-with-glibc2.39",
    "anyio": "unknown",
    "timestamp": "2025-09-02T02:48:13.734834+00:00"
  },
  "results": {
    "alcall_async_noop_1000_conc_100": {
      "name": "alcall_async_noop_1000_conc_100",
      "runs": 5,
      "min": 0.02294571499999165,
      "mean": 0.03973222939998777,
      "median": 0.024379699000007804,
      "max": 0.06480035799995676
    },
    "alcall_sync_noop_1000_conc_64": {
      "name": "alcall_sync_noop_1000_conc_64",
      "runs": 5,
      "min": 0.10089703599999211,
      "mean": 0.11230773860000909,
      "median": 0.1049662890000036,
      "max": 0.14633333000000448
    },
    "bcall_async_noop_1000_batch_50": {
      "name": "bcall_async_noop_1000_batch_50",
      "runs": 5,
      "min": 0.02778479400001288,
      "mean": 0.027895288399997754,
      "median": 0.027890861999992467,
      "max": 0.028041013000006387
    },
    "to_list_flatten_nested_10000": {
      "name": "to_list_flatten_nested_10000",
      "runs": 5,
      "min": 0.04875088300002517,
      "mean": 0.05665454280000404,
      "median": 0.049054339999997865,
      "max": 0.08677788099998907
    },
    "to_list_flatten_unique_2000_mixed": {
      "name": "to_list_flatten_unique_2000_mixed",
      "runs": 5,
      "min": 0.008540176999986215,
      "mean": 0.008600149400001556,
      "median": 0.008567097000025115,
      "max": 0.008749620000003233
    },
    "hash_dict_complex_1000": {
      "name": "hash_dict_complex_1000",
      "runs": 5,
      "min": 0.36731237800000827,
      "mean": 0.37291294999998853,
      "median": 0.37326737399996546,
      "max": 0.3774380969999811
    },
    "json_dumps_medium_1000": {
      "name": "json_dumps_medium_1000",
      "runs": 5,
      "min": 0.0665380020000157,
      "mean": 0.06662602240000978,
      "median": 0.0666181109999684,
      "max": 0.06676035800001046
    }
  }
}