{
  "meta": {
    "backend": "trio",
    "python": "3.12.11",
    "platform": "Linux-6.11.0-1018-azure-x86_64-with-glibc2.39",
    "anyio": "unknown",
    "timestamp": "2025-09-02T02:48:18.902265+00:00"
  },
  "results": {
    "alcall_async_noop_1000_conc_100": {
      "name": "alcall_async_noop_1000_conc_100",
      "runs": 5,
      "min": 0.03553107999999838,
      "mean": 0.045660247199998595,
      "median": 0.03787102900002992,
      "max": 0.07855162699996754
    },
    "alcall_sync_noop_1000_conc_64": {
      "name": "alcall_sync_noop_1000_conc_64",
      "runs": 5,
      "min": 0.20684174399997346,
      "mean": 0.2183477477999986,
      "median": 0.20770011000001887,
      "max": 0.2604361129999688
    },
    "bcall_async_noop_1000_batch_50": {
      "name": "bcall_async_noop_1000_batch_50",
      "runs": 5,
      "min": 0.03383771000000024,
      "mean": 0.04114815860000363,
      "median": 0.033929873000033695,
      "max": 0.06972082900000487
    },
    "to_list_flatten_nested_10000": {
      "name": "to_list_flatten_nested_10000",
      "runs": 5,
      "min": 0.049377954999954454,
      "mean": 0.056256152199989626,
      "median": 0.04967966999998907,
      "max": 0.0827661140000373
    },
    "to_list_flatten_unique_2000_mixed": {
      "name": "to_list_flatten_unique_2000_mixed",
      "runs": 5,
      "min": 0.008464801999991778,
      "mean": 0.008497227000009388,
      "median": 0.008479430000022603,
      "max": 0.008572243000003255
    },
    "hash_dict_complex_1000": {
      "name": "hash_dict_complex_1000",
      "runs": 5,
      "min": 0.3703067519999763,
      "mean": 0.37420169399998715,
      "median": 0.37589576199997055,
      "max": 0.377191799000002
    },
    "json_dumps_medium_1000": {
      "name": "json_dumps_medium_1000",
      "runs": 5,
      "min": 0.05063691100002643,
      "mean": 0.05073388100000784,
      "median": 0.05070287500001314,
      "max": 0.05086877599995887
    }
  }
}