{
  "meta": {
    "backend": "trio",
    "python": "3.10.18",
    "platform": "Linux-6.11.0-1018-azure-x86_64-with-glibc2.39",
    "anyio": "unknown",
    "timestamp": "2025-09-02T13:36:29.672202+00:00"
  },
  "results": {
    "alcall_async_noop_1000_conc_100": {
      "name": "alcall_async_noop_1000_conc_100",
      "runs": 10,
      "min": 0.039496262000000115,
      "mean": 0.06164876089999893,
      "median": 0.0449869785000061,
      "max": 0.10796760300002006
    },
    "alcall_sync_noop_1000_conc_64": {
      "name": "alcall_sync_noop_1000_conc_64",
      "runs": 10,
      "min": 0.20247881000000234,
      "mean": 0.22778642419999925,
      "median": 0.2086333964999909,
      "max": 0.28522025600000234
    },
    "bcall_async_noop_1000_batch_50": {
      "name": "bcall_async_noop_1000_batch_50",
      "runs": 10,
      "min": 0.0380686379999986,
      "mean": 0.0461074301999929,
      "median": 0.03830965849999757,
      "max": 0.11178060099999243
    },
    "to_list_flatten_nested_10000": {
      "name": "to_list_flatten_nested_10000",
      "runs": 10,
      "min": 0.03396243599999593,
      "mean": 0.04107517129999962,
      "median": 0.03474533150000525,
      "max": 0.09925096700001745
    },
    "to_list_flatten_unique_2000_mixed": {
      "name": "to_list_flatten_unique_2000_mixed",
      "runs": 10,
      "min": 0.006309203000000707,
      "mean": 0.012771716699998593,
      "median": 0.0065092619999944645,
      "max": 0.06665278799999896
    },
    "hash_dict_complex_1000": {
      "name": "hash_dict_complex_1000",
      "runs": 10,
      "min": 0.3123992969999847,
      "mean": 0.3132378978000048,
      "median": 0.3127961700000128,
      "max": 0.31525472800001353
    },
    "json_dumps_medium_1000": {
      "name": "json_dumps_medium_1000",
      "runs": 10,
      "min": 0.0535302880000188,
      "mean": 0.05378593110000338,
      "median": 0.053629779000019084,
      "max": 0.05512452299998927
    }
  }
}